'#';'Reference';'Value';'Manufacturer';'Part Number';'Qty'
'1';'C1,C2,C3,C23,C25,C26,C27,C33,C34,C43,C122,C123,C124';'10uF 50V X7R';'SAMSUNG';'CL31B106KBK6PJE';'13'
'2';'C4,C6,C24';'100nF 50V X7R';'TAIYO YUDEN';'UMK105B7104KVHF';'3'
'3';'C5,C105';'22uF 6.3V';'Murata Electronics';'GRM158R60J226ME01D';'2'
'4';'C7,C11,C21,C29,C31,C35,C41,C45,C52,C57,C59,C73,C86,C87,C112,C113,C149';'1uF 50V';'Murata Electronics';'GRM155R61H105KE05D';'17'
'5';'C8,C10,C61,C68,C100,C106,C108,C109,C110';'33pF 50V';'Murata Electronics';'GRM1555C1H330JA01D';'9'
'6';'C9,C38';'10nF 50V';'Murata Electronics';'GRM155R71H103KA88D';'2'
'7';'C12,C13,C14,C22,C30,C32,C40,C46,C51,C53,C55,C65,C75,C84,C85,C88,C89,C90,C91,C92,C93,C94,C95,C101,C102,C104,C111,C125,C126,C127,C128,C129,C130,C131,C132,C133,C134,C135,C139,C140,C141,C142,C147';'100nF 10V';'Murata Electronics';'GRM155R71A104KA01D';'43'
'8';'C15';'4.7uF 50V';'TAIYO YUDEN';'UMK325BJ475MM-T';'1'
'9';'C16';'100uF 10V';'KEMET';'T495D107K010ATE080';'1'
'10';'C17,C18,C19,C20,C28,C66';'47uF 10V X7S';'TDK';'CGA6P1X7S1A476M250AC';'6'
'11';'C36';'220uF 16V';'KEMET';'A765KN227M1CLAE016';'1'
'12';'C37,C103,C148';'10pF 50V';'Murata Electronics';'GRM1555C1H100JA01D';'3'
'13';'C42';'4.7uF 10V';'TAIYO YUDEN';'LMK107BJ475KA-T';'1'
'14';'C44,C98,C99';'10uF 6.3V';'Murata Electronics';'GRM155R60J106ME15D';'3'
'15';'C62,C63,C64,C67,C69,C70';'22pF 50V';'Murata Electronics';'GRM1555C1H220JA01D';'6'
'16';'C80,C107';'100pF 50V';'Murata Electronics';'GRM1555C1H101JA01J';'2'
'17';'C82,C83';'15pF 50V';'Murata Electronics';'GRM1555C1H150JA01D';'2'
'18';'C96,C97';'1nF 50V';'Murata Electronics';'GRM1555C1H102JA01D';'2'
'19';'C118,C119,C120,C121,C143,C144,C145,C146';'220nF 10V';'Murata Electronics';'GRM155R61A224JE19D';'8'
'20';'C136,C138';'2.2uF 10V';'TAIYO YUDEN';'LMK107BJ225KA-T';'2'
'21';'C137';'22uF 25V';'Murata Electronics';'GRM21BR61E226ME44L';'1'
'22';'D1';'1N4148WS';'Onsemi';'1N4148WS';'1'
'23';'D2';'SMBJ20A';'Bourns';'SMBJ20A';'1'
'24';'D3';'SC1122-01UTG';'LITTELFUSE';'SC1122-01UTG';'1'
'25';'D4,D8';'B550C-13-F';'Diodes Incorporated';'B550C-13-F';'2'
'26';'D5';'RB751S40';'ON Semiconductor';'RB751S40';'1'
'27';'D6,D12';'SC1105-01UTG';'LITTELFUSE';'SC1105-01UTG';'2'
'28';'D7';'ESD9B5.0ST5G';'ON Semiconductor';'ESD9B5.0ST5G';'1'
'29';'D9,D19,D20,D21,D22,D23,D25,D26,D27,D28,D29,D30';'SC1205-01ETG';'Littelfuse';'SC1205-01ETG';'12'
'30';'D11,D18';'SP0402U-ULC-02ETG';'LITTELFUSE';'SP0402U-ULC-02ETG';'2'
'31';'D24';'SRV05-4.TCT';'SEMTECH';'SRV05-4.TCT';'1'
'32';'FB1,FB2,FB3';'110Ohm 1200mA';'Wurth Elektronik';'74269242111';'3'
'33';'FL1,FL2,FL3,FL4,FL5,FL6';'LCFE121002A900TG';'LITTELFUSE';'LCFE121002A900TG';'6'
'34';'IC1';'W25Q128JVSIM';'Winbond';'W25Q128JVSIM';'1'
'35';'IC2,IC3';'AP7361E-33FGE-7';'Diodes Incorporated';'AP7361E-33FGE-7';'2'
'36';'J1';'PJ-059A';'CUI Devices';'PJ-059A';'1'
'37';'J2,J3,J21';'67996-100HLF';'Amphenol Communications Solutions';'67996-100HLF';'3'
'38';'J4';'~';'SHOU HAN(首韩)';'1.25-4P LT';'1'
'39';'J5';'22-28-4034';'Molex';'22-28-4034';'1'
'40';'J6';'USB4080-03-A';'GCT';'USB4080-03-A';'1'
'41';'J8,J9';'20021521-00016T1LF';'Amphenol ICC (FCI)';'20021521-00016T1LF';'2'
'42';'J13';'SIM8066-6-1-14-01-A';'GCT (GLOBAL CONNECTOR TECHNOLOGY)';'SIM8066-6-1-14-01-A';'1'
'43';'J14';'MEM2061-01-188-00-A';'GCT (GLOBAL CONNECTOR TECHNOLOGY)';'MEM2061-01-188-00-A';'1'
'44';'J15,J16,J17,J18';'636101112001';'Wurth Elektronik';'636101112001';'4'
'45';'J22';'USB3076-30-A';'GCT (GLOBAL CONNECTOR TECHNOLOGY)';'USB3076-30-A';'1'
'46';'J27';'53047-0210';'Molex';'53047-0210';'1'
'47';'J28';'Bus_M.2_Socket_M';'TE Connectivity';'1-2199230-4';'1'
'48';'L1';'ETQ-P4M6R8KVC 6.8uH 6.9A';'Panasonic';'ETQ-P4M6R8KVC';'1'
'49';'L2';'1uH 4.2A';'TAIYO YUDEN';'LSEUC3225HKT1R0M';'1'
'50';'L4,L6';'600ohm 100MHz';'Wurth Elektronik';'7427927291';'2'
'51';'L8';'56nH';'Wurth Elektronik';'744784156A';'1'
'52';'L10';'1uH 2.2A';'Wurth Elektronik';'74404024010';'1'
'53';'LED1';'SML-P11YTT86R';'ROHM Semiconductor';'SML-P11YTT86R';'1'
'54';'LED2,LED4,LED5';'SML-P11VTT86R';'ROHM Semiconductor';'SML-P11VTT86R';'3'
'55';'LED3';'LTPL-C0676WPGB';'Lite-On Inc.';'LTPL-C0676WPGB';'1'
'56';'LS1';'SPKM.15.8.A';'Taoglas';'SPKM.15.8.A';'1'
'57';'MK1';'CMM-3729AT-42316-TR';'Same Sky';'CMM-3729AT-42316-TR';'1'
'58';'Q1,Q2,Q3,Q4,Q5,Q6,Q7,Q9,Q10,Q11';'BC817-40,215';'Nexperia';'BC817-40,215';'10'
'59';'R2,R10';'47K';'YAGEO';'RC0402JR-0747KL';'2'
'60';'R3,R107,R127';'200K';'YAGEO';'RC0402FR-07200KL';'3'
'61';'R4';'38K3';'YAGEO';'AF0402FR-0738K3L';'1'
'62';'R5,R7,R15,R17,R18,R21,R24,R29,R30,R40,R41,R42,R43,R44,R45,R46,R49,R52,R54,R74,R84,R97,R98,R100,R101,R103,R106,R114,R115,R116,R120,R121';'10K';'YAGEO';'RC0402JR-0710KL';'32'
'63';'R6,R12,R13,R31,R55,R56,R57,R58,R87,R105';'0R';'Vishay';'CRCW08050000Z0EA';'10'
'64';'R9';'147K';'YAGEO';'RC0402FR-07147KL';'1'
'65';'R11,R25,R33,R96,R99';'4K7';'YAGEO';'RC0402JR-074K7L';'5'
'66';'R22,R64,R75,R126';'100K';'YAGEO';'RC0402JR-07100KL';'4'
'67';'R27';'270K';'YAGEO';'RC0402FR-07270KL';'1'
'68';'R32,R36,R37,R38,R39,R63,R91,R95';'1K';'YAGEO';'RC0402JR-071KL';'8'
'69';'R34';'20K';'YAGEO';'RC0402JR-0720KL';'1'
'70';'R35';'27K';'YAGEO';'RC0402JR-0727KL';'1'
'71';'R59,R60,R61,R62';'2K2';'YAGEO';'RC0402JR-072K2L';'4'
'72';'R65,R66,R67,R81,R82,R83';'22R';'YAGEO';'RC0402JR-0722RL';'6'
'73';'R68,R69,R70,R71,R72,R73';'33R';'YAGEO';'RC0402JR-0733RL';'6'
'74';'R76,R77,R78,R79,R80';'51K';'YAGEO';'RC0402JR-0751KL';'5'
'75';'R85,R89,R90,R102';'0R';'YAGEO';'RC0402JR-070RL';'4'
'76';'R93,R94';'27.4R';'YAGEO';'RC0402FR-0727R4P';'2'
'77';'R104';'56K';'YAGEO';'RC0402JR-0756KL';'1'
'78';'R108';'44K2';'YAGEO';'RC0402FR-0744K2L';'1'
'79';'R109';'5K1';'YAGEO';'RC0402JR-075K1L';'1'
'80';'R125';'12K1';'YAGEO';'RT1206FRE0712K1L';'1'
'81';'S1,S2,S3';'436333033816';'Wurth Elektronik';'436333033816';'3'
'82';'S4';'JS102011JCQN';'CK COMPONENTS';'JS102011JCQN';'1'
'83';'TP1,TP2,TP3,TP4,TP5,TP6,TP7,TP8,TP9,TP10,TP11,TP12,TP13,TP14,TP15,TP16,TP17,TP18,TP19,TP20,TP21,TP22,TP23,TP24,TP25,TP26,TP27,TP28,TP29,TP30,TP31,TP32,TP33,TP34,TP35,TP36,TP37,TP38,TP39,TP40,TP41,TP42,TP43,TP44,TP45,TP46,TP47,TP48,TP49';'3.86V,TestPoint';'';'';'49'
'84';'U1';SC206EEMDA-G51-UGNDA';'Quectel';'SC200EEMNA-E53-UGNDA';'1'
'85';'U2';'AP64502QSP-13';'Diodes Incorporated';'AP64502QSP-13';'1'
'86';'U3';'AP7335-WG-7';'Diodes Incorporated';'AP7335-WG-7';'1'
'87';'U6,U15';'AP61100Z6-7,AP61300Z6-7';'Diodes Incorporated';'AP61100Z6-7';'2'
'88';'U7,U9';'PI3USB4000DZUAEX';'Diodes Incorporated';'PI3USB4000DZUAEX';'2'
'89';'U10';'SGM804';'SGMICRO(圣邦微)';'SGM804-2.93YN5G/TR';'1'
'90';'U12';'RP2040';'RASPBERRY-PI';'SC0914(7)';'1'
'91';'U13';'PAM8302AASCR';'Diodes Incorporated';'PAM8302AASCR';'1'
'92';'U14';'ASM2362';'ASMedia';'ASM2362';'1'
'93';'Y1';'ABM8-272-T3';'ABRACON';'ABM8-272-T3';'1'
'94';'Y2';'25MHz';'Diodes Incorporated';'FL2500188';'1'
